WAVE,NSE
NIFTY_I,NIFTY
BANKNIFTY_I,BANKNIFTY
ABB,ABB
ABFRL,ABFRL
ACC,ACC
ADANIENT,ADANIENT
ADANIPORTS,ADANIPORTS
ADANIPOWER,ADANIPOWER
AIAENG,AIAENG
AJANTPHARM,AJANTPHARM
ALKEM,ALKEM
AMARAJABAT,AMARAJABAT
AMBUJACEM,AMBUJACEM
APOLLOHOSP,APOLLOHOSP
APOLLOTYRE,APOLLOTYRE
ARVIND,ARVIND
ASHOKLEY,ASHOKLEY
ASIANPAINT,ASIANPAINT
AUBANK,AUBANK
AUROPHARMA,AUROPHARMA
AXISBANK,AXISBANK
BAJAJ_AUTO,BAJAJ-AUTO
BAJAJFINSV,BAJAJFINSV
BAJFINANCE,BAJFINANCE
BALKRISIND,BALKRISIND
BANKBARODA,BANKBARODA
BANKINDIA,BANKINDIA
BATAINDIA,BATAINDIA
BEL,BEL
BERGEPAINT,BERGEPAINT
BHARATFIN,BHARATFIN
BHARATFORG,BHARATFORG
BHARTIARTL,BHARTIARTL
BHEL,BHEL
BIOCON,BIOCON
BOSCHLTD,BOSCHLTD
BPCL,BPCL
BRITANNIA,BRITANNIA
CADILAHC,CADILAHC
CANBK,CANBK
CASTROLIND,CASTROLIND
CENTRALBK,CENTRALBK
CENTURYTEX,CENTURYTEX
CHOLAFIN,CHOLAFIN
CIPLA,CIPLA
COALINDIA,COALINDIA
COLPAL,COLPAL
CONCOR,CONCOR
COROMANDEL,COROMANDEL
CRISIL,CRISIL
CROMPTON,CROMPTON
CUMMINSIND,CUMMINSIND
DABUR,DABUR
DALMIABHA,DALMIABHA
DHFL,DHFL
DISHTV,DISHTV
DIVISLAB,DIVISLAB
DLF,DLF
DMART,DMART
DRREDDY,DRREDDY
EDELWEISS,EDELWEISS
EICHERMOT,EICHERMOT
EMAMILTD,EMAMILTD
ENDURANCE,ENDURANCE
ENGINERSIN,ENGINERSIN
EXIDEIND,EXIDEIND
FEDERALBNK,FEDERALBNK
GAIL,GAIL
GLAXO,GLAXO
GLENMARK,GLENMARK
GMRINFRA,GMRINFRA
GODREJCP,GODREJCP
GODREJIND,GODREJIND
GPPL,GPPL
GRUH,GRUH
GSKCONS,GSKCONS
GSPL,GSPL
HAVELLS,HAVELLS
HCLTECH,HCLTECH
HDFC,HDFC
HDFCBANK,HDFCBANK
HEROMOTOCO,HEROMOTOCO
HEXAWARE,HEXAWARE
HINDALCO,HINDALCO
HINDPETRO,HINDPETRO
HINDUNILVR,HINDUNILVR
HINDZINC,HINDZINC
HUDCO,HUDCO
IBULHSGFIN,IBULHSGFIN
ICICIBANK,ICICIBANK
ICICIPRULI,ICICIPRULI
IDBI,IDBI
IDEA,IDEA
IDFC,IDFC
IDFCBANK,IDFCBANK
IGL,IGL
INDHOTEL,INDHOTEL
INDIANB,INDIANB
INDIGO,INDIGO
INDUSINDBK,INDUSINDBK
INFRATEL,INFRATEL
INFY,INFY
IOC,IOC
IPCALAB,IPCALAB
IRB,IRB
ITC,ITC
JINDALSTEL,JINDALSTEL
JSWENERGY,JSWENERGY
JSWSTEEL,JSWSTEEL
JUBILANT,JUBILANT
JUBLFOOD,JUBLFOOD
KARURVYSYA,KARURVYSYA
KOTAKBANK,KOTAKBANK
L_TFH,L&TFH
LALPATHLAB,LALPATHLAB
LICHSGFIN,LICHSGFIN
LT,LT
LUPIN,LUPIN
M_M,M&M
M_MFIN,M&MFIN
MANAPPURAM,MANAPPURAM
MARICO,MARICO
MARUTI,MARUTI
MCDOWELL_N,MCDOWELL-N
MFSL,MFSL
MGL,MGL
MINDTREE,MINDTREE
MOTHERSUMI,MOTHERSUMI
MPHASIS,MPHASIS
MRF,MRF
MRPL,MRPL
MUTHOOTFIN,MUTHOOTFIN
NATCOPHARM,NATCOPHARM
NATIONALUM,NATIONALUM
NAUKRI,NAUKRI
NBCC,NBCC
NHPC,NHPC
NMDC,NMDC
NTPC,NTPC
OBEROIRLTY,OBEROIRLTY
OFSS,OFSS
OIL,OIL
ONGC,ONGC
PAGEIND,PAGEIND
PCJEWELLER,PCJEWELLER
PEL,PEL
PETRONET,PETRONET
PFC,PFC
PGHH,PGHH
PIDILITIND,PIDILITIND
PIIND,PIIND
PNB,PNB
PNBHOUSING,PNBHOUSING
POWERGRID,POWERGRID
PRESTIGE,PRESTIGE
RAJESHEXPO,RAJESHEXPO
RAMCOCEM,RAMCOCEM
RBLBANK,RBLBANK
RCOM,RCOM
RECLTD,RECLTD
RELCAPITAL,RELCAPITAL
RELIANCE,RELIANCE
RELINFRA,RELINFRA
RPOWER,RPOWER
SAIL,SAIL
SBIN,SBIN
SHREECEM,SHREECEM
SIEMENS,SIEMENS
SPARC,SPARC
SRF,SRF
SRTRANSFIN,SRTRANSFIN
SUNPHARMA,SUNPHARMA
SUNTV,SUNTV
SUZLON,SUZLON
SYNDIBANK,SYNDIBANK
SYNGENE,SYNGENE
TATACHEM,TATACHEM
TATACOMM,TATACOMM
TATAGLOBAL,TATAGLOBAL
TATAMOTORS,TATAMOTORS
TATAMTRDVR,TATAMTRDVR
TATAPOWER,TATAPOWER
TATASTEEL,TATASTEEL
TCS,TCS
TECHM,TECHM
TITAN,TITAN
TORNTPHARM,TORNTPHARM
TORNTPOWER,TORNTPOWER
TV18BRDCST,TV18BRDCST
TVSMOTOR,TVSMOTOR
UBL,UBL
ULTRACEMCO,ULTRACEMCO
UNIONBANK,UNIONBANK
UPL,UPL
VAKRANGEE,VAKRANGEE
VEDL,VEDL
VGUARD,VGUARD
VOLTAS,VOLTAS
WELSPUNIND,WELSPUNIND
WIPRO,WIPRO
WOCKPHARMA,WOCKPHARMA
YESBANK,YESBANK
ZEEL,ZEEL
